<?xml version="1.0" ?>
<data>
  <!--NOTE: This is an ** Autogenerated file **-->
  <!--NOTE: Sector size is 512bytes-->
  <program SECTOR_SIZE_IN_BYTES="512" file_sector_offset="0" filename="sbl1.mbn" label="sbl1" num_partition_sectors="4062" partofsingleimage="false" physical_partition_number="0" readbackverify="false" size_in_KB="2031.0" sparse="false" start_byte_hex="0x4400" start_sector="34"/>
  <program SECTOR_SIZE_IN_BYTES="512" file_sector_offset="0" filename="rpm.mbn" label="rpm" num_partition_sectors="2048" partofsingleimage="false" physical_partition_number="0" readbackverify="false" size_in_KB="1024.0" sparse="false" start_byte_hex="0x200000" start_sector="4096"/>
  <program SECTOR_SIZE_IN_BYTES="512" file_sector_offset="0" filename="tz.mbn" label="tz" num_partition_sectors="2048" partofsingleimage="false" physical_partition_number="0" readbackverify="false" size_in_KB="1024.0" sparse="false" start_byte_hex="0x300000" start_sector="6144"/>
  <program SECTOR_SIZE_IN_BYTES="512" file_sector_offset="0" filename="" label="DDR" num_partition_sectors="2048" partofsingleimage="false" physical_partition_number="0" readbackverify="false" size_in_KB="1024.0" sparse="false" start_byte_hex="0x400000" start_sector="8192"/>
  <program SECTOR_SIZE_IN_BYTES="512" file_sector_offset="0" filename="" label="ssd" num_partition_sectors="2048" partofsingleimage="false" physical_partition_number="0" readbackverify="false" size_in_KB="1024.0" sparse="false" start_byte_hex="0x500000" start_sector="10240"/>
  <program SECTOR_SIZE_IN_BYTES="512" file_sector_offset="0" filename="" label="dbi" num_partition_sectors="2048" partofsingleimage="false" physical_partition_number="0" readbackverify="false" size_in_KB="1024.0" sparse="false" start_byte_hex="0x600000" start_sector="12288"/>
  <program SECTOR_SIZE_IN_BYTES="512" file_sector_offset="0" filename="emmc_appsboot.mbn" label="aboot" num_partition_sectors="8192" partofsingleimage="false" physical_partition_number="0" readbackverify="false" size_in_KB="4096.0" sparse="false" start_byte_hex="0x700000" start_sector="14336"/>
  <program SECTOR_SIZE_IN_BYTES="512" file_sector_offset="0" filename="" label="bk1" num_partition_sectors="10240" partofsingleimage="false" physical_partition_number="0" readbackverify="false" size_in_KB="5120.0" sparse="false" start_byte_hex="0xb00000" start_sector="22528"/>
  <program SECTOR_SIZE_IN_BYTES="512" file_sector_offset="0" filename="dummy.img" label="misc" num_partition_sectors="8192" partofsingleimage="false" physical_partition_number="0" readbackverify="false" size_in_KB="4096.0" sparse="false" start_byte_hex="0x1000000" start_sector="32768"/>
  <program SECTOR_SIZE_IN_BYTES="512" file_sector_offset="0" filename="dummy.img" label="logo" num_partition_sectors="16384" partofsingleimage="false" physical_partition_number="0" readbackverify="false" size_in_KB="8192.0" sparse="false" start_byte_hex="0x1400000" start_sector="40960"/>
  <program SECTOR_SIZE_IN_BYTES="512" file_sector_offset="0" filename="" label="bk2" num_partition_sectors="73728" partofsingleimage="false" physical_partition_number="0" readbackverify="false" size_in_KB="36864.0" sparse="false" start_byte_hex="0x1c00000" start_sector="57344"/>
  <program SECTOR_SIZE_IN_BYTES="512" file_sector_offset="0" filename="" label="modemst1" num_partition_sectors="3072" partofsingleimage="false" physical_partition_number="0" readbackverify="false" size_in_KB="1536.0" sparse="false" start_byte_hex="0x4000000" start_sector="131072"/>
  <program SECTOR_SIZE_IN_BYTES="512" file_sector_offset="0" filename="" label="modemst2" num_partition_sectors="3072" partofsingleimage="false" physical_partition_number="0" readbackverify="false" size_in_KB="1536.0" sparse="false" start_byte_hex="0x4180000" start_sector="134144"/>
  <program SECTOR_SIZE_IN_BYTES="512" file_sector_offset="0" filename="" label="fsc" num_partition_sectors="2" partofsingleimage="false" physical_partition_number="0" readbackverify="false" size_in_KB="1.0" sparse="false" start_byte_hex="0x4300000" start_sector="137216"/>
  <program SECTOR_SIZE_IN_BYTES="512" file_sector_offset="0" filename="" label="bk3" num_partition_sectors="124926" partofsingleimage="false" physical_partition_number="0" readbackverify="false" size_in_KB="62463.0" sparse="false" start_byte_hex="0x4300400" start_sector="137218"/>
  <program SECTOR_SIZE_IN_BYTES="512" file_sector_offset="0" filename="" label="fsg" num_partition_sectors="3072" partofsingleimage="false" physical_partition_number="0" readbackverify="false" size_in_KB="1536.0" sparse="false" start_byte_hex="0x8000000" start_sector="262144"/>
  <program SECTOR_SIZE_IN_BYTES="512" file_sector_offset="0" filename="" label="bk4" num_partition_sectors="62464" partofsingleimage="false" physical_partition_number="0" readbackverify="false" size_in_KB="31232.0" sparse="false" start_byte_hex="0x8180000" start_sector="265216"/>
  <program SECTOR_SIZE_IN_BYTES="512" file_sector_offset="0" filename="" label="bk5" num_partition_sectors="65536" partofsingleimage="false" physical_partition_number="0" readbackverify="false" size_in_KB="32768.0" sparse="false" start_byte_hex="0xa000000" start_sector="327680"/>
  <program SECTOR_SIZE_IN_BYTES="512" file_sector_offset="0" filename="boot.img" label="boot" num_partition_sectors="65536" partofsingleimage="false" physical_partition_number="0" readbackverify="false" size_in_KB="32768.0" sparse="false" start_byte_hex="0xc000000" start_sector="393216"/>
  <program SECTOR_SIZE_IN_BYTES="512" file_sector_offset="0" filename="recovery.img" label="recovery" num_partition_sectors="32768" partofsingleimage="false" physical_partition_number="0" readbackverify="false" size_in_KB="16384.0" sparse="false" start_byte_hex="0xe000000" start_sector="458752"/>
  <program SECTOR_SIZE_IN_BYTES="512" file_sector_offset="0" filename="persist.img" label="persist" num_partition_sectors="32768" partofsingleimage="false" physical_partition_number="0" readbackverify="false" size_in_KB="16384.0" sparse="true" start_byte_hex="0xf000000" start_sector="491520"/>
  <program SECTOR_SIZE_IN_BYTES="512" file_sector_offset="0" filename="NON-HLOS.bin" label="modem" num_partition_sectors="262144" partofsingleimage="false" physical_partition_number="0" readbackverify="false" size_in_KB="131072.0" sparse="false" start_byte_hex="0x10000000" start_sector="524288"/>
  <program SECTOR_SIZE_IN_BYTES="512" file_sector_offset="0" filename="system.img" label="system" num_partition_sectors="2621440" partofsingleimage="false" physical_partition_number="0" readbackverify="false" size_in_KB="1310720.0" sparse="true" start_byte_hex="0x18000000" start_sector="786432"/>
  <program SECTOR_SIZE_IN_BYTES="512" file_sector_offset="0" filename="cache.img" label="cache" num_partition_sectors="786432" partofsingleimage="false" physical_partition_number="0" readbackverify="false" size_in_KB="393216.0" sparse="true" start_byte_hex="0x68000000" start_sector="3407872"/>
  <program SECTOR_SIZE_IN_BYTES="512" file_sector_offset="0" filename="userdata.img" label="userdata" num_partition_sectors="0" partofsingleimage="false" physical_partition_number="0" readbackverify="false" size_in_KB="0" sparse="true" start_byte_hex="0x80000000" start_sector="4194304"/>
  <program SECTOR_SIZE_IN_BYTES="512" file_sector_offset="0" filename="gpt_main0.bin" label="PrimaryGPT" num_partition_sectors="34" partofsingleimage="true" physical_partition_number="0" readbackverify="false" size_in_KB="17.0" sparse="false" start_byte_hex="0x0" start_sector="0"/>
  <program SECTOR_SIZE_IN_BYTES="512" file_sector_offset="0" filename="gpt_backup0.bin" label="BackupGPT" num_partition_sectors="33" partofsingleimage="true" physical_partition_number="0" readbackverify="false" size_in_KB="16.5" sparse="false" start_byte_hex="(512*NUM_DISK_SECTORS)-16896." start_sector="NUM_DISK_SECTORS-33."/>
</data>
